{"mlp_accs": [0.41161085869191705, 0.4206947919252879, 0.1901831109751902, 0.4114959666628436, 0.40466903751290584, 0.413796400772629, 0.4399158458448886, 0.38356190585489947, 0.41113236419280796, 0.42522095114205916, 0.24969390878481787, 0.4220517040127059, 0.4297743670219892, 0.42992746827933326, 0.31810438876873315, 0.40304393605819855, 0.4409421677518192, 0.3744350823439295, 0.410189105818788, 0.4345410304063763, 0.3931029194701631, 0.3919444817207599, 0.39720459382249745, 0.4261490063684493, 0.39698829848455786, 0.3960999864043351, 0.4393338774241188, 0.44114903210759543, 0.43963305605224284, 0.4269300309116006, 0.4545595955667898, 0.41732941839889554, 0.4259998053906782, 0.4084893542485695, 0.44763072849744967, 0.41011706499931827, 0.4455376103177541, 0.40335528623202527, 0.40394395837798863, 0.4247196279942167], "knn_accs": [0.38291779618953076, 0.388285174079945, 0.11712985970411713, 0.3396413961845777, 0.2810217582501625, 0.34967201514658913, 0.38678397245864016, 0.31699852718960997, 0.26692807957153786, 0.3508627616023262, 0.2138047138047138, 0.3795709829885761, 0.36131896733201924, 0.38533672707787114, 0.21228013091660766, 0.36021824447209727, 0.36694752968211414, 0.32016468785905783, 0.3482650930201368, 0.4009541509397812, 0.31698200011501526, 0.3377489791614746, 0.35596372490749084, 0.38039975446942376, 0.3160176481872242, 0.33400664245343487, 0.36498775795732774, 0.39201585944180983, 0.3279367177174843, 0.38207904815599664, 0.37627843671009137, 0.4013844867482062, 0.36728617300768707, 0.3846093962866373, 0.35212007942997314, 0.2954479051013849, 0.3961308422139531, 0.34429679279841, 0.35279331241840256, 0.3651283654409753]}