{
    "model_parameters": {
        "in_ch": 12,
        "mask_type": "block",
        "mask_ratio": 0.5,
        "block_len": 20,
        "freq_band": "high",
        "different_mask_per_channel": true,
        "device": "cuda"
    },
    "training_parameters": {
        "epochs": 50,
        "batch_size": 4096,
        "learning_rate": 0.001
    },
    "loss_history": [
        0.3133746360029493,
        0.3056728349413191,
        0.2995215080465589,
        0.29410648311887466,
        0.2900565847328731,
        0.2863951354367392,
        0.2837111597401755,
        0.2804466639246259,
        0.2769596484729222,
        0.2744762742519379,
        0.27248749579702103,
        0.27073944909232,
        0.2690013461453574,
        0.26765450392450607,
        0.26584841779300145,
        0.26459418892860415,
        0.26311071157455446,
        0.26187587891306197,
        0.26124484828540256,
        0.25988468050956726,
        0.2594246566295624,
        0.25850962042808534,
        0.2577580852167947,
        0.2572168971811022,
        0.25640693868909564,
        0.25614194589001793,
        0.2556267768996102,
        0.2551931147915976,
        0.2546099359648568,
        0.25447231199060166,
        0.25382649881499153,
        0.2537653281007494,
        0.2536317719732012,
        0.2532385246242796,
        0.25293530932494573,
        0.2531259362186704,
        0.2529821864196232,
        0.25281153747013635,
        0.252618356687682,
        0.25230290727955956,
        0.25231410486357553,
        0.2519661148105349,
        0.2521003702708653,
        0.251648770400456,
        0.25210338830947876,
        0.2516265256064279,
        0.25145563619477407,
        0.251160306930542,
        0.25121451216084617,
        0.2510101165090288
    ],
    "test_loss_history": [
        0.2774419764226133,
        0.2663575417616151,
        0.2616040886125781,
        0.25728400119326333,
        0.25377414883537724,
        0.251394297927618,
        0.24963191253217784,
        0.24647795883092014,
        0.24478226900100708,
        0.24265769157897343,
        0.24118685315955768,
        0.2403863099488345,
        0.24049955640326848,
        0.23820714144544167,
        0.23634978485378352,
        0.23436003550887108,
        0.23348202759569342,
        0.23290574449029836,
        0.23119095746766438,
        0.23121758448806676,
        0.23121966286139053,
        0.23021282255649567,
        0.23020093075253747,
        0.2299219471487132,
        0.22831378267569977,
        0.2283232296732339,
        0.23179202662272888,
        0.2280505976893685,
        0.2294638498940251,
        0.22911626676266844,
        0.2282026159492406,
        0.22754328731786122,
        0.23072524199431593,
        0.2271557409654964,
        0.22889280556277794,
        0.2267133038152348,
        0.22885896908965978,
        0.2299257137558677,
        0.22773734310811217,
        0.22721105780113826,
        0.2273602397604422,
        0.2260068729519844,
        0.22818057306788184,
        0.22708043083548546,
        0.22492064501751552,
        0.22577868232672865,
        0.22638387741013008,
        0.22703618319197136,
        0.22635096311569214,
        0.22783419252796608
    ]
}